{"cameraMode":{"drawMode":0,"name":"Shaded","section":"Shading Mode"},"sceneLighting":true,"audioPlay":false,"sceneViewState":{"m_AlwaysRefresh":false,"showFog":true,"showSkybox":true,"showFlares":true,"showImageEffects":true,"showParticleSystems":true,"showVisualEffectGraphs":true,"m_FxEnabled":true},"in2DMode":false,"pivot":{"x":7.432971000671387,"y":12.362491607666016,"z":-104.28224182128906},"rotation":{"x":0.27400118112564089,"y":-0.21940815448760987,"z":0.06435999274253845,"w":0.9341650009155273},"size":0.12977346777915955,"orthographic":false}