{"cameraMode":{"drawMode":0,"name":"Shaded","section":"Shading Mode"},"sceneLighting":true,"audioPlay":false,"sceneViewState":{"m_AlwaysRefresh":false,"showFog":true,"showSkybox":true,"showFlares":true,"showImageEffects":true,"showParticleSystems":true,"showVisualEffectGraphs":true,"m_FxEnabled":true},"in2DMode":false,"pivot":{"x":9.042600631713868,"y":13.263107299804688,"z":-102.59342956542969},"rotation":{"x":0.23602083325386048,"y":-0.26389846205711367,"z":0.06677323579788208,"w":0.9328538775444031},"size":7.001765251159668,"orthographic":false}