{"cameraMode":{"drawMode":0,"name":"Shaded","section":"Shading Mode"},"sceneLighting":false,"audioPlay":false,"sceneViewState":{"m_AlwaysRefresh":false,"showFog":true,"showSkybox":false,"showFlares":true,"showImageEffects":true,"showParticleSystems":true,"showVisualEffectGraphs":true,"m_FxEnabled":true},"in2DMode":false,"pivot":{"x":-0.6881616115570068,"y":2.1683945655822756,"z":-96.32100677490235},"rotation":{"x":0.16219362616539002,"y":-0.36507827043533327,"z":0.06467515230178833,"w":0.9145205020904541},"size":2.2968554496765138,"orthographic":false}